TRUNCATE TABLE `guildhouse_category`;
INSERT INTO `guildhouse_category` (`categoryId`, `parentId`, `name`, `sortOrder`, `enabled`) VALUES
    (1000, 0, "NPC", 0, 1),
    (1100, 1000, "Class Trainers", 0, 1),
    (1200, 1000, "Profession Trainers", 1, 1),
    (1300, 1000, "Other Trainers", 2, 1),
    (1400, 1000, "Vendors", 3, 1),
    (2000, 0, "Portals", 1, 1),
    (2100, 2000, "Common Portals", 0, 1),
    (2200, 2000, "Expansion Portals", 1, 1),
    (2300, 2000, "Custom Portals", 2, 1),
    (3000, 0, "Furnature", 2, 1),
    (3100, 3000, "Chairs", 0, 1),
    (3200, 3000, "Tables", 1, 1),
    (3300, 3000, "Chests", 2, 1),
    (4000, 0, "Indoor Decorations", 3, 1),
    (5000, 0, "Outdoor Decorations", 4, 1);

TRUNCATE TABLE `guildhouse_catalog`;
INSERT INTO `guildhouse_catalog` (`catalogId`, `categoryId`, `name`, `price`, `spawnFlags`, `behaviorFlags`, `enabled`) VALUES
    (1101, 1100, "Death Knight Trainer", 500000, 1, 4 + 1024, 1),
    (1102, 1100, "Druid Trainer", 500000, 1, 1 + 1024, 1),
    (1103, 1100, "Druid Trainer", 500000, 1, 2 + 1024, 1),
    (1104, 1100, "Hunter Trainer", 500000, 1, 1 + 1024, 1),
    (1105, 1100, "Hunter Trainer", 500000, 1, 2 + 1024, 1),
    (1106, 1100, "Mage Trainer", 500000, 1, 1 + 1024, 1),
    (1107, 1100, "Mage Trainer", 500000, 1, 2 + 1024, 1),
    (1108, 1100, "Paladin Trainer", 500000, 1, 1 + 1024, 1),
    (1109, 1100, "Paladin Trainer", 500000, 1, 2 + 1024, 1),
    (1110, 1100, "Priest Trainer", 500000, 1, 1 + 1024, 1),
    (1111, 1100, "Priest Trainer", 500000, 1, 2 + 1024, 1),
    (1112, 1100, "Rogue Trainer", 500000, 1, 1 + 1024, 1),
    (1113, 1100, "Rogue Trainer", 500000, 1, 2 + 1024, 1),
    (1114, 1100, "Shaman Trainer", 500000, 1, 1 + 1024, 1),
    (1115, 1100, "Shaman Trainer", 500000, 1, 2 + 1024, 1),
    (1116, 1100, "Warlock Trainer", 500000, 1, 1 + 1024, 1),
    (1117, 1100, "Warlock Trainer", 500000, 1, 2 + 1024, 1),
    (1118, 1100, "Warrior Trainer", 500000, 1, 1 + 1024, 1),
    (1119, 1100, "Warrior Trainer", 500000, 1, 2 + 1024, 1),

    (2101, 2100, "Stormwind Portal", 500000, 3, 1, 1),
    (2102, 2100, "Ironforge Portal", 500000, 3, 1, 1),
    (2103, 2100, "Darnasus Portal", 500000, 3, 1, 1),
    
    (2201, 2200, "Shatrath Portal", 500000, 3, 1, 1),
    (2202, 2200, "Dalaran Portal", 500000, 3, 1, 1);

TRUNCATE TABLE `guildhouse_catalog_asset`;
INSERT INTO `guildhouse_catalog_asset` (`componentId`,`catalogId`,`spawnFlags`,`behaviorFlags`,`entryId`,`displayId`,`scale`,`scriptType`,`scriptData`,`xOffset`,`yOffset`,`zOffset`,`oOffset`,`targetMapId`,`targetX`,`targetY`,`targetZ`,`targetO`,`childCatalogId`,`sortOrder`) VALUES
    (1101, 1101, 1, 4 + 1024, 29195, 0, 1, 0, '', 0, 0, 0, 0, 0, 0, 0, 0, 0, 0, 0),
    (1102, 1102, 1, 1 + 1024, 26324, 0, 1, 0, '', 0, 0, 0, 0, 0, 0, 0, 0, 0, 0, 0),
    (1103, 1103, 1, 2 + 1024, 26324, 0, 1, 0, '', 0, 0, 0, 0, 0, 0, 0, 0, 0, 0, 0),
    (1104, 1104, 1, 1 + 1024, 26325, 0, 1, 0, '', 0, 0, 0, 0, 0, 0, 0, 0, 0, 0, 0),
    (1105, 1105, 1, 2 + 1024, 26325, 0, 1, 0, '', 0, 0, 0, 0, 0, 0, 0, 0, 0, 0, 0),
    (1106, 1106, 1, 1 + 1024, 26326, 0, 1, 0, '', 0, 0, 0, 0, 0, 0, 0, 0, 0, 0, 0),
    (1107, 1107, 1, 2 + 1024, 26326, 0, 1, 0, '', 0, 0, 0, 0, 0, 0, 0, 0, 0, 0, 0),
    (1108, 1108, 1, 1 + 1024, 26327, 0, 1, 0, '', 0, 0, 0, 0, 0, 0, 0, 0, 0, 0, 0),
    (1109, 1109, 1, 2 + 1024, 26327, 0, 1, 0, '', 0, 0, 0, 0, 0, 0, 0, 0, 0, 0, 0),
    (1110, 1110, 1, 1 + 1024, 26328, 0, 1, 0, '', 0, 0, 0, 0, 0, 0, 0, 0, 0, 0, 0),
    (1111, 1111, 1, 2 + 1024, 26328, 0, 1, 0, '', 0, 0, 0, 0, 0, 0, 0, 0, 0, 0, 0),
    (1112, 1112, 1, 1 + 1024, 26329, 0, 1, 0, '', 0, 0, 0, 0, 0, 0, 0, 0, 0, 0, 0),
    (1113, 1113, 1, 2 + 1024, 26329, 0, 1, 0, '', 0, 0, 0, 0, 0, 0, 0, 0, 0, 0, 0),
    (1114, 1114, 1, 1 + 1024, 26330, 0, 1, 0, '', 0, 0, 0, 0, 0, 0, 0, 0, 0, 0, 0),
    (1115, 1115, 1, 2 + 1024, 26330, 0, 1, 0, '', 0, 0, 0, 0, 0, 0, 0, 0, 0, 0, 0),
    (1116, 1116, 1, 1 + 1024, 26331, 0, 1, 0, '', 0, 0, 0, 0, 0, 0, 0, 0, 0, 0, 0),
    (1117, 1117, 1, 2 + 1024, 26331, 0, 1, 0, '', 0, 0, 0, 0, 0, 0, 0, 0, 0, 0, 0),
    (1118, 1118, 1, 1 + 1024, 26332, 0, 1, 0, '', 0, 0, 0, 0, 0, 0, 0, 0, 0, 0, 0),
    (1119, 1119, 1, 2 + 1024, 26332, 0, 1, 0, '', 0, 0, 0, 0, 0, 0, 0, 0, 0, 0, 0),

    (2101, 2101, 3, 1, 176296, 4396, 1, 0, '', 0, 0, 0, 0, 0, 0, 0, 0, 0, 0, 0),
    (2102, 2102, 3, 1, 176497, 4394, 1, 0, '', 0, 0, 0, 0, 0, 0, 0, 0, 0, 0, 0),
    (2103, 2103, 3, 1, 176498, 4393, 1, 0, '', 0, 0, 0, 0, 0, 0, 0, 0, 0, 0, 0),

    (2201, 2201, 3, 1, 183384, 7146, 1, 0, '', 0, 0, 0, 0, 0, 0, 0, 0, 0, 0, 0),
    (2202, 2202, 3, 1, 191164, 8111, 1, 0, '', 0, 0, 0, 0, 0, 0, 0, 0, 0, 0, 0);

