INSERT INTO `guildhouse_category` (`categoryId`, `parentId`, `name`, `sortOrder`, `enabled`) VALUES
    (100, 0, "NPC", 0, 1),
    (200, 0, "Portals", 0, 1),
    (300, 0, "Furnature", 0, 1),
    (400, 0, "Plants", 0, 1),
    (101, 100, "Class Trainers", 0, 1),
    (102, 100, "Profession Trainers", 0, 1),
    (103, 100, "Other Trainers", 0, 1),
    (104, 100, "Vendors", 0, 1),
    (301, 300, "Chairs", 0, 1),
    (302, 300, "Tables", 0, 1),
    (303, 300, "Chests", 0, 1);
    
INSERT INTO `guildhouse_catalog` (`catalogId`, `categoryId`, `name`, `price`, `spawnFlags`, `behaviorFlags`, `enabled`) VALUES
    (1, 101, "Death Knight Trainer", 500000, 1, 4, 1),
    (2, 101, "Druid Trainer", 500000, 1, 1, 1),
    (3, 101, "Druid Trainer", 500000, 1, 2, 1),
    (4, 101, "Hunter Trainer", 500000, 1, 1, 1),
    (5, 101, "Hunter Trainer", 500000, 1, 2, 1),
    (6, 101, "Mage Trainer", 500000, 1, 1, 1),
    (7, 101, "Mage Trainer", 500000, 1, 2, 1),
    (8, 101, "Paladin Trainer", 500000, 1, 1, 1),
    (9, 101, "Paladin Trainer", 500000, 1, 2, 1),
    (10, 101, "Priest Trainer", 500000, 1, 1, 1),
    (11, 101, "Priest Trainer", 500000, 1, 2, 1),
    (12, 101, "Rogue Trainer", 500000, 1, 1, 1),
    (13, 101, "Rogue Trainer", 500000, 1, 2, 1),
    (14, 101, "Shaman Trainer", 500000, 1, 1, 1),
    (15, 101, "Shaman Trainer", 500000, 1, 2, 1),
    (16, 101, "Warlock Trainer", 500000, 1, 1, 1),
    (17, 101, "Warlock Trainer", 500000, 1, 2, 1),
    (18, 101, "Warrior Trainer", 500000, 1, 1, 1),
    (19, 101, "Warrior Trainer", 500000, 1, 2, 1);

INSERT INTO `guildhouse_catalog_asset`
    (`componentId`,`catalogId`,`spawnFlags`,`behaviorFlags`,`entryId`,`displayId`,`scale`,`scriptType`,`scriptData`,`xOffset`,`yOffset`,`zOffset`,`oOffset`,`targetMapId`,`targetX`,`targetY`,`targetZ`,`targetO`,`childCatalogId`,`sortOrder`) VALUES
    (1, 1, 1, 4 + 1024, 29195, 0, 1, 0, '', 0, 0, 0, 0, 0, 0, 0, 0, 0, 0, 0),
    (2, 2, 1, 1 + 1024, 26324, 0, 1, 0, '', 0, 0, 0, 0, 0, 0, 0, 0, 0, 0, 0),
    (3, 3, 1, 2 + 1024, 26324, 0, 1, 0, '', 0, 0, 0, 0, 0, 0, 0, 0, 0, 0, 0),
    (4, 4, 1, 1 + 1024, 26325, 0, 1, 0, '', 0, 0, 0, 0, 0, 0, 0, 0, 0, 0, 0),
    (5, 5, 1, 2 + 1024, 26325, 0, 1, 0, '', 0, 0, 0, 0, 0, 0, 0, 0, 0, 0, 0),
    (6, 6, 1, 1 + 1024, 26326, 0, 1, 0, '', 0, 0, 0, 0, 0, 0, 0, 0, 0, 0, 0),
    (7, 7, 1, 2 + 1024, 26326, 0, 1, 0, '', 0, 0, 0, 0, 0, 0, 0, 0, 0, 0, 0),
    (8, 8, 1, 1 + 1024, 26327, 0, 1, 0, '', 0, 0, 0, 0, 0, 0, 0, 0, 0, 0, 0),
    (9, 9, 1, 2 + 1024, 26327, 0, 1, 0, '', 0, 0, 0, 0, 0, 0, 0, 0, 0, 0, 0),
    (10, 10, 1, 1 + 1024, 26328, 0, 1, 0, '', 0, 0, 0, 0, 0, 0, 0, 0, 0, 0, 0),
    (11, 11, 1, 2 + 1024, 26328, 0, 1, 0, '', 0, 0, 0, 0, 0, 0, 0, 0, 0, 0, 0),
    (12, 12, 1, 1 + 1024, 26329, 0, 1, 0, '', 0, 0, 0, 0, 0, 0, 0, 0, 0, 0, 0),
    (13, 13, 1, 2 + 1024, 26329, 0, 1, 0, '', 0, 0, 0, 0, 0, 0, 0, 0, 0, 0, 0),
    (14, 14, 1, 1 + 1024, 26330, 0, 1, 0, '', 0, 0, 0, 0, 0, 0, 0, 0, 0, 0, 0),
    (15, 15, 1, 2 + 1024, 26330, 0, 1, 0, '', 0, 0, 0, 0, 0, 0, 0, 0, 0, 0, 0),
    (16, 16, 1, 1 + 1024, 26331, 0, 1, 0, '', 0, 0, 0, 0, 0, 0, 0, 0, 0, 0, 0),
    (17, 17, 1, 2 + 1024, 26331, 0, 1, 0, '', 0, 0, 0, 0, 0, 0, 0, 0, 0, 0, 0),
    (18, 18, 1, 1 + 1024, 26332, 0, 1, 0, '', 0, 0, 0, 0, 0, 0, 0, 0, 0, 0, 0),
    (19, 19, 1, 2 + 1024, 26332, 0, 1, 0, '', 0, 0, 0, 0, 0, 0, 0, 0, 0, 0, 0);
